LDK-NV-3,120,2358
RV-WD-3,125,5660
NP-FY-9,126,8601
GRM-WO-644,117,2479
APD-GR-104,115,11250
P-SF-709,123,8515
GT-JN-3,125,9408
RT-BM-018,123,7439
K-BU-34,127,4852
WMS-FH-25,118,7355
OBG-EZ-473,130,5731
UL-VN-3,115,13447
RZ-YH-1,121,9128
THL-BI-82,115,1605
RD-LP-0,124,10316
BRA-CN-825,126,7063
MIL-QN-49,131,6355
FKB-ZS-54,124,13390
DGF-SF-78,124,8130
AP-JI-8,132,10551
BIT-TZ-47,116,8817
ND-IH-65,126,8055
WIS-OC-7,122,4138
DU-VH-8,116,14172
MW-BY-2,117,9753
UL-RC-1,119,6424
GER-CA-06,124,5811
HAM-FL-302,119,9745
LR-AF-0,123,4134
B-QE-400,128,10411
DBR-ZS-512,125,15910
FL-YZ-75,113,9319
HOH-AV-1,120,7932
HU-RT-0,130,8975
WLG-RT-905,117,6584
HP-AQ-2,118,12700
BS-RA-8,119,10656
K-RG-4,119,12434
SPN-UG-6,123,14678
BIR-MJ-64,124,7159
MER-TI-28,124,5029
KT-ZQ-2,122,5532
A-AD-825,114,9256
MAK-SV-09,113,10730
AIC-IS-0,120,8404
ANK-OP-478,118,14592
KI-AI-39,122,9989
TE-BK-78,125,4781
TUT-YI-56,120,11529
VK-AM-9,122,904
KH-ZP-2,132,7469
SIG-XW-99,116,9801
BYL-RK-848,111,7829
ZW-CG-46,114,11638
DAN-IM-73,119,8948
BT-GT-92,115,16480
WIT-CO-82,122,10509
ART-LU-0,127,13201
FT-TX-46,127,5149
STB-MS-54,122,14492
D-RR-9,124,7939
PAN-WE-04,118,10459
VER-YF-6,118,10544
ZP-PC-38,123,11113
ZE-GE-279,119,10653
SLS-WB-73,126,13249
DM-PL-43,134,5922
BRG-DT-3,120,3371
SLE-YP-2,132,3128
WAN-LS-52,121,14472
BIT-ET-81,126,6166
WOS-ZP-2,119,12197
GOA-OX-1,125,5293
AA-RY-99,125,13988
OF-JB-12,126,7651
ZE-QE-70,115,2754
WES-LV-182,121,2317
N-LE-54,123,12230
SAW-RN-89,125,5909
MST-NL-8,117,4335
HU-GL-4,119,8900
FOR-ZF-86,128,12701
BT-HH-041,125,12730
WAT-CL-922,122,6288
NVP-JJ-56,130,4068
ANK-KK-077,118,6876
SPN-ZA-7,123,4039
ESB-RC-6,128,10724
ZR-PX-265,125,6087
WW-GF-90,122,5435
EI-ZH-965,123,4268
SH-EW-8,113,10396
BK-IV-74,130,11937
KN-SH-313,129,12619
ZR-XE-3,113,5789
LIP-KL-650,116,2292
VER-VT-5,132,2487
SFT-BD-989,130,14760
HER-ZH-75,121,12296
OBG-FM-382,124,7526
TE-ZH-340,118,7049
GHA-LG-805,126,8875
HGN-JQ-9,115,14164
KR-GQ-693,118,10285
SLF-KF-2,132,10120
TR-WI-094,118,11056
SN-WQ-77,110,2050
EN-PD-3,121,10723
JE-HD-6,119,5866
SAW-OA-17,115,13276
BL-KF-340,126,6032
AB-YG-8,123,10340
LDK-LE-6,123,13759
BNA-OM-749,125,7110
L-IV-930,115,8685
WES-BX-160,122,10397
GP-JI-5,119,7094
ANG-LW-17,123,5207
BGL-UE-4,125,11498
OPR-IT-8,126,12143
WAK-KT-31,124,6137
WUG-DB-397,124,10880
PW-QZ-81,120,12874
RW-RX-408,122,5391
WEN-JN-1,128,15518
HAS-CY-1,115,6016
BWL-FW-5,126,17122
HY-FN-17,129,4888
WOH-UG-582,117,1828
BI-BP-3,121,4231
LIF-RE-865,117,3105
BG-UM-9,122,12389
BH-CF-11,118,11355
GRI-OA-648,130,12940
OK-IF-40,125,7999
KE-ZU-2,124,6111
FT-PC-826,130,15032
BRK-XC-08,123,7719
SEF-EW-5,123,6162
HS-WU-72,110,2498
WIL-UK-034,115,4801
NZ-JZ-992,126,10441
FOR-TW-185,126,8872
BI-WE-405,122,7920
CB-EA-94,115,8703
LSN-VY-979,124,16437
RM-YG-737,126,6224
ZR-XZ-15,121,9789
N-UW-5,114,7360
ABG-UN-078,123,11875
EBS-FI-76,116,16057
ALF-CO-637,115,5967
W-HH-928,120,1102
MGH-AZ-7,114,8939
MEI-WB-475,124,6935
SB-BA-637,126,11789
WOH-WM-03,108,2952
EBS-EP-90,116,9818
HDL-XG-86,126,13484
OE-TG-1,130,9293
AT-FF-519,116,15987
SLE-YN-583,123,9760
TBB-KU-310,122,10153
MSE-JG-92,131,2856
SC-FA-617,120,3387
BOR-PF-8,120,10700
LB-XT-514,120,7086
GD-YJ-06,125,13623
WTM-GR-9,119,11814
BZ-UX-882,122,5327
AS-YO-15,122,7622
CUX-YN-03,136,12531
VB-YL-5,129,4334
CLP-AQ-130,121,4930
PB-WE-3,131,5376
M-DT-172,109,10289
FO-HR-412,117,11094
LUP-CO-935,123,10817
EIC-PR-5,118,10341
OHA-IE-0,130,7648
DO-CK-831,116,13668
KF-MQ-2,111,16434
F-RE-32,120,8132
L-CJ-42,123,10729
IN-XR-758,125,12245
THW-HX-3,122,4435
OVL-YQ-589,120,5841
WDA-NF-6,128,3560
SHG-VA-068,114,8198
DIN-FZ-148,119,10375
DLG-BC-3,107,9995
FF-LR-56,130,14694
KR-EI-26,123,9004
BID-NK-631,125,10093
NOL-XL-7,118,7920
BF-BX-5,124,11396
ERK-HJ-7,112,6263
BOR-TJ-66,117,11471
PR-GL-6,126,17539
SBK-HE-0,120,12441
GE-WV-586,110,7787
GM-VD-37,121,11525
BO-UT-84,119,9469
UE-QA-52,123,5099
DAU-LU-34,123,6034
HEI-YC-014,138,3841
HE-AH-674,124,16998
HCH-TQ-0,121,6623
BGL-PI-93,120,4836
AN-KI-58,119,16578
EU-MT-239,119,13535
NR-XU-10,109,11895
OD-SN-000,123,16571
PAF-LG-5,121,1650
DM-VB-3,126,5475
RZ-XR-5,122,6172
EIS-OE-259,112,10843
AB-TQ-6,112,2762
MAK-MN-877,107,3932
BL-UV-6,120,17082
MR-CZ-68,128,5265
WHV-NV-221,118,5221
HHM-QL-389,124,9610
MS-RI-5,130,12488
FDB-BX-808,113,11656
PS-HQ-630,127,3668
BNA-BS-613,125,13944
UEM-MY-56,120,10798
MM-SU-0,130,10303
WND-WE-522,131,7141
FRI-SH-15,126,12636
KS-QY-3,121,6370
SEE-ID-56,123,1835
EL-CW-9,114,8252
GP-SE-6,120,6592
THL-XY-5,131,6248
LWL-TQ-44,132,10344
NEC-CM-06,120,5277
CAS-HG-6,127,15661
ED-ZT-734,122,4908
ZE-SK-330,123,3537
EM-LC-7,116,11145
BIR-VM-1,116,6151
KEL-WS-5,122,10905
GE-NW-1,112,9481
HX-VC-377,122,14683
NES-KN-442,112,11874
IL-RZ-87,123,8310
KF-ZW-3,131,7127
KC-CM-347,127,9676
SON-CZ-05,119,15078
R-AG-58,124,6902
OHZ-EZ-76,126,7673
WW-XP-254,132,3089
ERH-GE-45,124,9647
OAL-CN-378,110,9150
UH-DA-571,123,15458
ZE-PT-29,123,9953
BLB-DX-974,126,10468
RL-HE-6,132,4425
AZE-AS-52,112,11062
NB-KN-5,131,14759
MW-BJ-8,128,7331
DLG-VY-3,136,6854
MB-WT-7,128,4822
OHZ-WT-74,122,6982
KR-DU-26,128,8867
EIN-XR-1,127,10922
SM-DW-7,127,10239
SDL-LT-280,109,7711
HOL-VV-6,114,13682
GS-UI-086,118,10462
CA-CP-267,130,4877
HBN-VF-94,122,15407
NB-HR-5,115,13128
LB-CD-0,115,5945
ESB-GH-8,124,5835
WA-SC-4,126,11633
NW-MT-81,126,9351
PIR-GP-587,113,6465
KL-ZH-69,123,4864
OBG-JY-22,123,13937
WIL-ND-17,122,15276
GM-VW-863,124,11532
VAI-HN-243,131,11670
WLG-PG-320,133,6298
ZR-KX-20,128,15529
UH-SV-560,112,8383
HG-AQ-1,120,11573
WA-QL-784,123,8549
HAS-PE-200,119,5840
HK-XK-0,128,5774
Y-AL-14,126,9194
S-UQ-13,121,8513
SWA-HA-474,119,4298
HEF-QA-6,125,2241
MQ-CH-55,128,695
ST-AE-069,113,10864
D-HT-399,120,6020
EBN-FQ-66,113,13314
TR-DU-46,124,17370
MGH-BT-688,126,6809
FB-JV-4,121,6401
BS-ZE-2,131,6734
MSE-QW-855,119,4044
TUT-RN-650,119,6608
PF-IE-380,125,8461
HU-RG-24,123,13037
BP-TP-490,117,13998
MON-ZC-92,123,9794
TDO-ZK-00,127,8482
NAB-FR-225,127,12041
WZL-IG-018,123,13396
KO-EC-531,128,5920
BRG-VR-7,118,9813
GS-NV-766,123,5819
MA-KV-458,130,3330
DON-TO-63,114,9599
GC-TQ-81,123,5101
WEL-BD-13,131,7268
BOR-ZJ-700,133,7728
FDB-KW-1,115,9662
DIZ-CQ-045,125,2589
ALZ-BT-69,120,4844
HEB-LN-8,110,3878
IGB-LM-113,117,2442
BIW-QH-356,106,8199
MAK-QV-96,125,4327
PM-YD-760,130,10052
GP-YJ-77,118,4381
QFT-DE-667,136,5783
LBS-GH-074,110,3551
WS-CV-991,136,16065
WIT-VD-951,126,7729
WUR-DF-35,124,10330
SPB-MV-54,122,6741
ERK-AB-9,124,9219
EB-YO-89,119,11500
NWM-UG-51,113,8544
LI-DK-8,124,1488
UEM-CU-630,124,16302
UM-VX-450,113,11025
HET-UB-819,116,6982
WM-II-9,123,7682
GMN-PV-7,113,6393
ROW-PT-178,118,8085
TS-YU-22,120,10782
SEE-XU-9,121,7321
R-UK-2,120,11547
KC-DA-481,129,3754
MH-MB-99,117,2577
DE-UT-385,123,11916
DW-FM-1,129,13533
HG-RI-4,129,5484
DI-XM-2,130,8073
DAN-XD-899,130,8287
LR-YH-1,122,6763
HI-TH-90,124,13932
B-ZF-837,118,13160
BM-ZA-693,121,16229
WSW-ZG-837,122,1843
KN-XJ-71,118,6545
PN-FN-102,123,9896
FFB-OK-4,129,12701
LIF-BM-4,123,6827
BED-HE-5,127,1542
SPB-RB-876,123,8876
OHA-ZT-6,116,13294
GM-MX-32,126,4938
CB-TT-825,121,16171
STA-LA-94,121,3196
FRW-HV-49,119,12671
EBS-DF-845,131,2728
MON-ZM-1,123,8818
OA-KM-95,112,17291
LP-CH-6,123,10659
ERH-JU-27,119,12423
LBS-EA-95,119,11648
ERK-MJ-124,117,13228
ROL-FY-3,114,1904
KLZ-XN-3,129,4115
BNA-NQ-4,121,12806
BIW-TR-00,126,10768
E-GF-66,111,6972
HM-KY-941,132,7479
AC-CN-55,123,4380
GUN-RE-44,124,10116
NI-TO-32,125,15039
WZL-OG-6,121,7516
EIC-ZG-1,138,4015
GW-WI-000,124,6582
GR-GJ-230,119,2875
TS-TV-9,126,6403
LP-QL-2,120,14228
FO-FW-590,113,4593
AT-HC-92,120,1566
RW-FB-396,129,7078
MA-AE-1,115,4682
SFB-CC-44,121,14846
WR-MS-602,126,5124
HL-AS-484,127,6508
TO-WA-37,132,11189
EMS-NZ-4,123,9714
FTL-BB-8,127,6192
HEL-SR-196,114,10290
KK-WU-3,126,11475
OSL-JW-8,125,8949
GC-HS-68,117,5947
WSW-ZU-008,117,14903
THL-NR-51,127,10320
KY-TF-91,126,9569
BOT-YY-3,123,12410
GG-DI-1,133,8987
PA-ZL-381,122,11919
SO-FK-79,131,8121
UFF-MD-264,126,14959
WLG-LX-900,125,11080
HO-QW-509,125,7517
GP-ER-3,121,4650
OA-NX-77,108,4706
HDL-BL-167,115,7619
LP-MR-165,114,8251
MK-NQ-06,121,14209
LD-SZ-10,121,6604
MH-FQ-675,129,10264
EIS-MO-0,122,734
GNT-XO-097,116,13184
CA-GV-322,116,9743
WE-UO-8,121,16149
FG-RK-52,118,10334
ROK-NT-627,116,9797
OHV-MD-92,133,12278
STD-CO-270,131,2232
VR-AJ-919,112,2138
MAK-EN-399,124,14906
LSN-TD-95,120,11974
BTF-UR-12,136,11791
HAM-TF-81,117,5546
OCH-EZ-52,126,2898
KU-QU-89,122,9317
FR-HH-72,119,14320
SPB-RD-5,122,4361
Z-PB-18,124,8786
HM-VT-194,110,9847
LB-YB-215,110,9401
HM-CH-75,116,4701
MAL-TG-434,121,14957
VG-QG-6,128,5397
ANG-BA-191,119,9260
IK-WB-09,117,12990
WZL-QV-55,125,5596
EIL-SE-953,119,14962
OS-PV-720,133,14147
BCH-WB-9,127,5560
WIS-OY-4,120,5542
MEK-CV-66,120,4098
NEW-MS-331,124,8409
MAK-TN-3,128,16136
FL-QW-924,121,5654
GRM-KG-72,126,7773
BBG-CD-18,132,3286
EMD-UY-7,129,12617
OHZ-GR-58,116,12061
SI-DY-28,134,10716
NL-ET-49,132,5470
ERB-GN-2,125,10454
APD-PU-500,124,7068
SEL-GH-942,124,8732
TE-QB-6,124,13909
DO-MI-238,112,9019
WER-KD-1,119,9757
SOG-ZA-863,122,5475
HEL-EX-914,121,5981
ECK-WF-68,129,8060
MER-AP-3,131,3232
BOT-IH-093,118,6258
HEI-JQ-50,128,5459
PCH-UV-1,121,5442
ROK-JL-339,123,6098
GER-JY-8,124,11527
MO-YF-8,114,2933
DAU-UV-0,111,9654
EE-XF-6,126,8934
DI-GH-77,115,8377
GRZ-TM-84,120,10530
NM-SE-1,129,6282
SPN-GB-477,126,9033
BWL-FO-210,123,3759
HEB-PX-57,121,8124
ROL-BQ-9,121,11818
HP-JT-83,120,13883
HU-QT-28,126,11414
RID-SP-08,122,7953
WBS-OD-99,125,12830
KL-WQ-42,126,3831
EW-PF-535,128,4619
FRI-PE-840,120,8885
EF-OM-095,126,12617
SLE-YK-194,115,13348
BNA-FJ-941,125,5022
TG-QO-5,124,6253
